종목코드,종목명,시장구분,업종명,종가,대비,등락률,시가총액
"095570","AJ네트웍스","KOSPI","일반서비스","4295","-10","-0.23","194360599905"
"006840","AK홀딩스","KOSPI","기타금융","9670","30","0.31","128103914870"
"027410","BGF","KOSPI","기타금융","3460","10","0.29","331180096860"
"282330","BGF리테일","KOSPI","유통","101500","-1000","-0.98","1754316459000"
"138930","BNK금융지주","KOSPI","기타금융","10510","170","1.64","3367790000770"
"001460","BYC","KOSPI","섬유·의류","29400","-100","-0.34","183636810000"
"001465","BYC우","KOSPI","섬유·의류","12930","-30","-0.23","27849280500"
"001040","CJ","KOSPI","기타금융","97500","-1600","-1.61","2844757305000"
"079160","CJ CGV","KOSPI","오락·문화","5290","0","0.00","875918591460"
"00104K","CJ4우(전환)","KOSPI","기타금융","77000","-1500","-1.91","325441424000"
"000120","CJ대한통운","KOSPI","운송·창고","84100","-300","-0.36","1918518130400"
"011150","CJ씨푸드","KOSPI","음식료·담배","2950","45","1.55","105995780350"
"011155","CJ씨푸드1우","KOSPI","음식료·담배","22000","3030","15.97","4400000000"
"001045","CJ우","KOSPI","기타금융","57000","-400","-0.70","128832711000"
"097950","CJ제일제당","KOSPI","음식료·담배","247500","-8000","-3.13","3725911035000"
"097955","CJ제일제당 우","KOSPI","음식료·담배","125600","-1200","-0.95","166725584800"
"000480","CR홀딩스","KOSPI","비금속","5680","-20","-0.35","266337983200"
"000590","CS홀딩스","KOSPI","기타금융","70500","1600","2.32","81390981000"
"012030","DB","KOSPI","IT 서비스","1293","-11","-0.84","260117895369"
"016610","DB금융투자","KOSPI","증권","5190","20","0.39","220296758910"
"005830","DB손해보험","KOSPI","보험","102600","-200","-0.19","7264080000000"
"000990","DB하이텍","KOSPI","전기·전자","32900","-250","-0.75","1460713545200"
"139130","DGB금융지주","KOSPI","기타금융","8170","-10","-0.12","1381921455610"
"001530","DI동일","KOSPI","유통","49300","100","0.20","1056662774600"
"000210","DL","KOSPI","화학","31050","-550","-1.74","650680198200"
"000215","DL우","KOSPI","화학","19900","0","0.00","33553688500"
"375500","DL이앤씨","KOSPI","건설","30700","-1450","-4.51","1187894226100"
"37550L","DL이앤씨2우(전환)","KOSPI","건설","21000","-200","-0.94","44350971000"
"37550K","DL이앤씨우","KOSPI","건설","15620","-330","-2.07","33018883700"
"007340","DN오토모티브","KOSPI","전기·전자","18340","10","0.05","1083267964100"
"004840","DRB동일","KOSPI","화학","4095","30","0.74","81613350000"
"155660","DSR","KOSPI","금속","4030","215","5.64","64480000000"
"069730","DSR제강","KOSPI","금속","3810","200","5.54","54864000000"
"017860","DS단석","KOSPI","화학","28850","-1600","-5.25","507304516200"
"017940","E1","KOSPI","유통","68100","-600","-0.87","467166000000"
"365550","ESR켄달스퀘어리츠","KOSPI","부동산","4335","80","1.88","923740815000"
"383220","F&F","KOSPI","섬유·의류","56200","1900","3.50","2152857615000"
"007700","F&F홀딩스","KOSPI","기타금융","11960","-100","-0.83","467807829320"
"114090","GKL","KOSPI","오락·문화","11330","290","2.63","700824741100"
"078930","GS","KOSPI","기타금융","38800","-500","-1.27","3605116666400"
"006360","GS건설","KOSPI","건설","17350","0","0.00","1484838851500"
"001250","GS글로벌","KOSPI","유통","2715","40","1.50","224079169260"
"007070","GS리테일","KOSPI","유통","17140","640","3.88","1433031093100"
"078935","GS우","KOSPI","기타금융","36750","-100","-0.27","65592355500"
"499790","GS피앤엘","KOSPI","기타금융","22200","0","0.00","440244670200"
"012630","HDC","KOSPI","기타금융","12090","180","1.51","722277406890"
"039570","HDC랩스","KOSPI","건설","8510","-100","-1.16","220899184510"
"089470","HDC현대EP","KOSPI","화학","3440","-105","-2.96","109736000000"
"294870","HDC현대산업개발","KOSPI","건설","17650","-400","-2.22","1163264374500"
"009540","HD한국조선해양","KOSPI","기타금융","231000","3000","1.32","16348589796000"
"267250","HD현대","KOSPI","기타금융","85600","6400","8.08","6761808076000"
"267270","HD현대건설기계","KOSPI","기계·장비","61400","3100","5.32","1123962980400"
"443060","HD현대마린솔루션","KOSPI","일반서비스","154900","-6500","-4.03","6885305000000"
"071970","HD현대마린엔진","KOSPI","기계·장비","26300","1850","7.57","892135318500"
"010620","HD현대미포","KOSPI","운송장비·부품","134500","300","0.22","5372219040500"
"322000","HD현대에너지솔루션","KOSPI","전기·전자","20400","200","0.99","228480000000"
"042670","HD현대인프라코어","KOSPI","기계·장비","7010","120","1.74","1350517627670"
"267260","HD현대일렉트릭","KOSPI","전기·전자","407000","25000","6.54","14671183945000"
"329180","HD현대중공업","KOSPI","운송장비·부품","289000","1500","0.52","25655430524000"
"097230","HJ중공업","KOSPI","건설","6080","150","2.53","506307628480"
"014790","HL D&I","KOSPI","건설","2155","-60","-2.71","81585285155"
"003580","HLB글로벌","KOSPI","유통","4150","70","1.72","202407115850"
"204320","HL만도","KOSPI","운송장비·부품","42200","1550","3.81","1981590464000"
"060980","HL홀딩스","KOSPI","기타금융","34000","-250","-0.73","335718380000"
"011200","HMM","KOSPI","운송·창고","17700","40","0.23","15594399079200"
"035000","HS애드","KOSPI","일반서비스","6320","-20","-0.32","104706024880"
"002460","HS화성","KOSPI","건설","9740","50","0.52","98861000000"
"487570","HS효성","KOSPI","기타금융","30050","200","0.67","111964106350"
"298050","HS효성첨단소재","KOSPI","화학","173300","-1300","-0.74","776374988400"
"003560","IHQ","KOSPI","오락·문화","10760","0","0.00","64669472240"
"175330","JB금융지주","KOSPI","기타금융","15800","-480","-2.95","3082314528400"
"234080","JW생명과학","KOSPI","제약","10780","-100","-0.92","170696492120"
"001060","JW중외제약","KOSPI","제약","23950","-50","-0.21","557698023500"
"001067","JW중외제약2우B","KOSPI","제약","60600","-100","-0.16","12724363800"
"001065","JW중외제약우","KOSPI","제약","29650","0","0.00","10138847150"
"096760","JW홀딩스","KOSPI","기타금융","2985","-35","-1.16","220665951870"
"105560","KB금융","KOSPI","기타금융","83400","500","0.60","32820270478200"
"415640","KB발해인프라","KOSPI","기타금융","7810","50","0.64","957080729880"
"432320","KB스타리츠","KOSPI","부동산","3960","70","1.80","401600568600"
"002380","KCC","KOSPI","화학","228000","-7500","-3.18","2026115388000"
"344820","KCC글라스","KOSPI","비금속","37450","-150","-0.40","598095674400"
"009070","KCTC","KOSPI","운송·창고","3880","-35","-0.89","116400000000"
"009440","KC그린홀딩스","KOSPI","기타금융","895","37","4.31","20502674320"
"119650","KC코트렐","KOSPI","기계·장비","591","-4","-0.67","37950668439"
"092220","KEC","KOSPI","전기·전자","795","15","1.92","159606697095"
"003620","KG모빌리티","KOSPI","운송장비·부품","3710","-60","-1.59","728659782340"
"016380","KG스틸","KOSPI","금속","5530","0","0.00","553049200410"
"001390","KG케미칼","KOSPI","화학","3665","-65","-1.74","250939031600"
"033180","KH 필룩스","KOSPI","전기·전자","6630","0","0.00","128260035150"
"015590","KIB플러그에너지","KOSPI","기계·장비","515","0","0.00","122045495160"
"001940","KISCO홀딩스","KOSPI","금속","19760","-200","-1.00","319645268800"
"025000","KPX케미칼","KOSPI","화학","43500","-350","-0.80","210540000000"
"092230","KPX홀딩스","KOSPI","화학","52500","-200","-0.38","221793915000"
"000040","KR모터스","KOSPI","운송장비·부품","459","5","1.10","27600986412"
"044450","KSS해운","KOSPI","운송·창고","8580","-180","-2.05","198076850400"
"030200","KT","KOSPI","통신","43950","100","0.23","11076353055750"
"033780","KT&G","KOSPI","기타제조","107100","0","0.00","13426323428700"
"058850","KTcs","KOSPI","IT 서비스","2705","25","0.93","115462925000"
"058860","KTis","KOSPI","IT 서비스","2610","0","0.00","90833220000"
"093050","LF","KOSPI","섬유·의류","15590","90","0.58","455851600000"
"003550","LG","KOSPI","기타금융","72200","200","0.28","11357131694600"
"034220","LG디스플레이","KOSPI","전기·전자","9060","-70","-0.77","4530000000000"
"051900","LG생활건강","KOSPI","화학","306500","1500","0.49","4786977380500"
"051905","LG생활건강우","KOSPI","화학","136400","-1200","-0.87","286398670800"
"373220","LG에너지솔루션","KOSPI","전기·전자","346000","-2000","-0.57","80964000000000"
"003555","LG우","KOSPI","기타금융","58800","-300","-0.51","177671256000"
"032640","LG유플러스","KOSPI","통신","10380","50","0.48","4532025927180"
"011070","LG이노텍","KOSPI","전기·전자","157500","-4500","-2.78","3727569352500"
"066570","LG전자","KOSPI","전기·전자","84000","500","0.60","13746416376000"
"066575","LG전자우","KOSPI","전기·전자","40700","-500","-1.21","699469874400"
"037560","LG헬로비전","KOSPI","오락·문화","2410","-20","-0.82","186646944650"
"051910","LG화학","KOSPI","화학","242500","-7500","-3.00","17118643177500"
"051915","LG화학우","KOSPI","화학","153800","-5000","-3.15","1182537440000"
"079550","LIG넥스원","KOSPI","금속","254000","33500","15.19","5588000000000"
"006260","LS","KOSPI","기타금융","97100","2800","2.97","3126620000000"
"010120","LS ELECTRIC","KOSPI","전기·전자","173400","12600","7.84","5202000000000"
"000680","LS네트웍스","KOSPI","유통","2810","35","1.26","221436474960"
"229640","LS에코에너지","KOSPI","기타금융","31000","0","0.00","949371249000"
"108320","LX세미콘","KOSPI","전기·전자","56900","0","0.00","925438670000"
"001120","LX인터내셔널","KOSPI","유통","26900","-150","-0.55","1042644000000"
"108670","LX하우시스","KOSPI","화학","32150","250","0.78","288310590500"
"108675","LX하우시스우","KOSPI","화학","20900","0","0.00","21575697000"
"383800","LX홀딩스","KOSPI","기타금융","6830","-30","-0.44","520997112700"
"38380K","LX홀딩스1우","KOSPI","기타금융","8000","-40","-0.50","11722280000"
"023150","MH에탄올","KOSPI","음식료·담배","5330","-220","-3.96","39327543580"
"035420","NAVER","KOSPI","IT 서비스","193800","-5100","-2.56","30705092150400"
"181710","NHN","KOSPI","IT 서비스","17590","-60","-0.34","593946103570"
"400760","NH올원리츠","KOSPI","부동산","3355","-15","-0.45","143685105025"
"005940","NH투자증권","KOSPI","증권","13990","40","0.29","4581617263010"
"005945","NH투자증권우","KOSPI","증권","12300","140","1.15","232112906400"
"338100","NH프라임리츠","KOSPI","부동산","4055","5","0.12","75666300000"
"034310","NICE","KOSPI","일반서비스","10820","-50","-0.46","401729742440"
"030190","NICE평가정보","KOSPI","IT 서비스","12000","-180","-1.48","714079116000"
"008260","NI스틸","KOSPI","금속","3410","-85","-2.43","97526398970"
"004250","NPC","KOSPI","화학","4255","-40","-0.93","156243600000"
"004255","NPC우","KOSPI","화학","2605","5","0.19","13754400000"
"456040","OCI","KOSPI","화학","58200","-300","-0.51","521035209000"
"010060","OCI홀딩스","KOSPI","기타금융","58500","-300","-0.51","1118950150500"
"178920","PI첨단소재","KOSPI","화학","17330","440","2.61","508918360260"
"005490","POSCO홀딩스","KOSPI","금속","250000","-3500","-1.38","20656094250000"
"010950","S-Oil","KOSPI","화학","54800","0","0.00","6169537001600"
"010955","S-Oil우","KOSPI","화학","37700","-400","-1.05","151626647900"
"034120","SBS","KOSPI","오락·문화","22450","300","1.35","416475293100"
"005090","SGC에너지","KOSPI","전기·가스","24450","-250","-1.01","352308191850"
"001380","SG글로벌","KOSPI","운송장비·부품","3475","155","4.67","156250396925"
"004060","SG세계물산","KOSPI","유통","320","0","0.00","64775987200"
"001770","SHD","KOSPI","금속","14010","370","2.71","17020440780"
"002360","SH에너지화학","KOSPI","화학","528","1","0.19","58678609440"
"009160","SIMPAC","KOSPI","금속","3765","10","0.27","246342127740"
"033530","SJG세종","KOSPI","운송장비·부품","3990","40","1.01","111005634390"
"123700","SJM","KOSPI","운송장비·부품","2865","-15","-0.52","44708032770"
"025530","SJM홀딩스","KOSPI","유통","3245","15","0.46","48460855960"
"034730","SK","KOSPI","기타금융","132000","500","0.38","9570356796000"
"011790","SKC","KOSPI","화학","109700","4600","4.38","4154152290600"
"018670","SK가스","KOSPI","유통","211500","4500","2.17","1952196606000"
"001740","SK네트웍스","KOSPI","유통","4160","10","0.24","920516072320"
"006120","SK디스커버리","KOSPI","기타금융","38350","-450","-1.16","720437539250"
"006125","SK디스커버리우","KOSPI","기타금융","31800","-200","-0.63","43198869000"
"210980","SK디앤디","KOSPI","부동산","7170","-60","-0.83","133486628940"
"395400","SK리츠","KOSPI","부동산","4510","85","1.92","1230277758600"
"302440","SK바이오사이언스","KOSPI","제약","48150","-2250","-4.46","3772422157950"
"326030","SK바이오팜","KOSPI","일반서비스","108600","-2500","-2.25","8504818950000"
"402340","SK스퀘어","KOSPI","기타금융","78600","-700","-0.88","10591346856000"
"361610","SK아이이테크놀로지","KOSPI","전기·전자","22100","-450","-2.00","1575676783200"
"100090","SK오션플랜트","KOSPI","금속","13390","520","4.04","792628655520"
"03473K","SK우","KOSPI","기타금융","113100","100","0.09","64029868500"
"096770","SK이노베이션","KOSPI","화학","111000","-1000","-0.89","16764860136000"
"096775","SK이노베이션우","KOSPI","화학","73100","-500","-0.68","91259940600"
"475150","SK이터닉스","KOSPI","건설","12230","180","1.49","412051875850"
"001510","SK증권","KOSPI","증권","464","1","0.22","219281839344"
"001515","SK증권우","KOSPI","증권","1700","10","0.59","6651273800"
"285130","SK케미칼","KOSPI","화학","44400","100","0.23","766067965200"
"28513K","SK케미칼우","KOSPI","화학","19800","-110","-0.55","41885494200"
"017670","SK텔레콤","KOSPI","통신","56100","900","1.63","12049721973300"
"000660","SK하이닉스","KOSPI","전기·전자","171200","-2700","-1.55","124634004888000"
"003570","SNT다이내믹스","KOSPI","운송장비·부품","20150","1440","7.70","670041844550"
"064960","SNT모티브","KOSPI","운송장비·부품","40350","50","0.12","590043537600"
"100840","SNT에너지","KOSPI","기계·장비","24750","850","3.56","511849379250"
"036530","SNT홀딩스","KOSPI","기타금융","22500","0","0.00","366837435000"
"005610","SPC삼립","KOSPI","음식료·담배","52200","1900","3.78","450434269800"
"011810","STX","KOSPI","유통","4450","95","2.18","138029775150"
"465770","STX그린로지스","KOSPI","운송·창고","7880","-50","-0.63","56507732160"
"077970","STX엔진","KOSPI","기계·장비","20750","650","3.23","477434758000"
"002820","SUN&L","KOSPI","종이·목재","2965","0","0.00","37382687385"
"084870","TBH글로벌","KOSPI","섬유·의류","1229","11","0.90","25633030551"
"002710","TCC스틸","KOSPI","금속","27400","200","0.74","718255297800"
"069260","TKG휴켐스","KOSPI","화학","17180","130","0.76","702294141840"
"007980","TP","KOSPI","섬유·의류","1430","18","1.27","73180435900"
"002900","TYM","KOSPI","기계·장비","4420","30","0.68","199125225520"
"024070","WISCOM","KOSPI","화학","2140","50","2.39","32798577320"
"037270","YG PLUS","KOSPI","IT 서비스","3630","15","0.41","230248758300"
"000500","가온전선","KOSPI","전기·전자","59500","5300","9.78","586573550500"
"000860","강남제비스코","KOSPI","화학","25650","350","1.38","166725000000"
"035250","강원랜드","KOSPI","오락·문화","16230","260","1.63","3472254315000"
"011420","갤럭시아에스엠","KOSPI","오락·문화","1973","43","2.23","54355447612"
"002100","경농","KOSPI","화학","9000","0","0.00","175703175000"
"009450","경동나비엔","KOSPI","전기·전자","86700","-1100","-1.25","1263096926400"
"267290","경동도시가스","KOSPI","전기·가스","17630","-70","-0.40","103936007780"
"012320","경동인베스트","KOSPI","기타금융","61500","500","0.82","145448914500"
"000050","경방","KOSPI","유통","6410","60","0.94","175731880700"
"214390","경보제약","KOSPI","제약","6840","620","9.97","163522922400"
"012610","경인양행","KOSPI","화학","2750","35","1.29","114445003750"
"009140","경인전자","KOSPI","전기·전자","20550","300","1.48","32279878350"
"013580","계룡건설","KOSPI","건설","12890","0","0.00","115119391230"
"012200","계양전기","KOSPI","기계·장비","1621","94","6.16","44128205809"
"012205","계양전기우","KOSPI","기계·장비","3745","125","3.45","4378200855"
"002140","고려산업","KOSPI","음식료·담배","2610","25","0.97","65091899250"
"010130","고려아연","KOSPI","금속","957000","-49000","-4.87","19813041831000"
"002240","고려제강","KOSPI","금속","18130","280","1.57","453250000000"
"009290","광동제약","KOSPI","제약","5600","160","2.94","293556765600"
"017040","광명전기","KOSPI","전기·전자","1570","17","1.09","68040055550"
"017900","광전자","KOSPI","전기·전자","1724","5","0.29","99895047412"
"037710","광주신세계","KOSPI","유통","28900","50","0.17","229962791000"
"030610","교보증권","KOSPI","증권","5610","50","0.90","639332211210"
"339770","교촌에프앤비","KOSPI","유통","5160","-300","-5.49","128909906400"
"007690","국도화학","KOSPI","화학","31650","50","0.16","285185996400"
"001140","국보","KOSPI","운송·창고","2110","0","0.00","33456978680"
"002720","국제약품","KOSPI","제약","5280","220","4.35","111723912960"
"083420","그린케미칼","KOSPI","화학","6730","-100","-1.46","161520000000"
"014530","극동유화","KOSPI","화학","3500","-80","-2.23","122042970000"
"014280","금강공업","KOSPI","금속","3965","65","1.67","116290900505"
"014285","금강공업우","KOSPI","금속","6590","-120","-1.79","3887276250"
"008870","금비","KOSPI","비금속","62700","4300","7.36","62700000000"
"001570","금양","KOSPI","화학","19560","-1640","-7.74","1251198353760"
"002990","금호건설","KOSPI","건설","2670","-10","-0.37","98666098650"
"002995","금호건설우","KOSPI","건설","13370","-380","-2.76","3907596420"
"011780","금호석유","KOSPI","화학","89000","-1600","-1.77","2432778243000"
"011785","금호석유우","KOSPI","화학","46950","-1200","-2.49","141952667700"
"214330","금호에이치티","KOSPI","운송장비·부품","649","25","4.01","138830271019"
"001210","금호전기","KOSPI","전기·전자","913","-27","-2.87","51210017529"
"073240","금호타이어","KOSPI","화학","4720","-55","-1.15","1355868554640"
"092440","기신정기","KOSPI","기계·장비","2500","35","1.42","73000000000"
"000270","기아","KOSPI","운송장비·부품","101600","900","0.89","40403539411200"
"024110","기업은행","KOSPI","은행","14380","50","0.35","11466983996220"
"013700","까뮤이앤씨","KOSPI","건설","1314","54","4.29","78512590620"
"004540","깨끗한나라","KOSPI","종이·목재","2370","75","3.27","88260442410"
"004545","깨끗한나라우","KOSPI","종이·목재","12300","180","1.49","4503768000"
"001260","남광토건","KOSPI","건설","8130","170","2.14","79938810360"
"008350","남선알미늄","KOSPI","금속","1511","16","1.07","195038504990"
"008355","남선알미우","KOSPI","금속","16200","-230","-1.40","4987818000"
"004270","남성","KOSPI","유통","1130","6","0.53","40919740800"
"003920","남양유업","KOSPI","음식료·담배","59600","900","1.53","405119676000"
"003925","남양유업우","KOSPI","음식료·담배","37800","800","2.16","75600000000"
"025860","남해화학","KOSPI","화학","6170","40","0.65","306518461310"
"005720","넥센","KOSPI","화학","4405","-165","-3.61","235861218685"
"005725","넥센우","KOSPI","화학","3050","-35","-1.13","10981830000"
"002350","넥센타이어","KOSPI","화학","5960","-50","-0.83","582100546920"
"002355","넥센타이어1우B","KOSPI","화학","2830","5","0.18","18395000000"
"092790","넥스틸","KOSPI","금속","7330","-120","-1.61","190594660000"
"251270","넷마블","KOSPI","IT 서비스","50600","-1100","-2.13","4349247201200"
"090350","노루페인트","KOSPI","화학","7910","-30","-0.38","158200000000"
"090355","노루페인트우","KOSPI","화학","12910","60","0.47","5978956660"
"000320","노루홀딩스","KOSPI","기타금융","12710","-170","-1.32","168930529210"
"000325","노루홀딩스우","KOSPI","기타금융","29000","-500","-1.69","7063211000"
"006280","녹십자","KOSPI","제약","172400","-7100","-3.96","2014759151200"
"005250","녹십자홀딩스","KOSPI","일반서비스","16190","-1130","-6.52","761386719900"
"005257","녹십자홀딩스2우","KOSPI","일반서비스","23100","-550","-2.33","19542369000"
"004370","농심","KOSPI","음식료·담배","381500","7500","2.01","2320527923000"
"072710","농심홀딩스","KOSPI","기타금융","63300","-100","-0.16","293572107000"
"058730","다스코","KOSPI","금속","2905","50","1.75","54605113605"
"030210","다올투자증권","KOSPI","증권","3145","10","0.32","191565428370"
"023590","다우기술","KOSPI","IT 서비스","17610","-260","-1.45","790101125370"
"145210","다이나믹디자인","KOSPI","기계·장비","1582","10","0.64","54708228834"
"019680","대교","KOSPI","일반서비스","2505","-15","-0.60","212180639250"
"019685","대교우B","KOSPI","일반서비스","1405","-39","-2.70","27294920950"
"006370","대구백화점","KOSPI","유통","5390","140","2.67","58328483290"
"008060","대덕","KOSPI","기타금융","6720","120","1.82","227741808000"
"00806K","대덕1우","KOSPI","기타금융","7090","30","0.42","8595611130"
"353200","대덕전자","KOSPI","전기·전자","15390","-110","-0.71","760526475750"
"35320K","대덕전자1우","KOSPI","전기·전자","7970","-20","-0.25","16701286430"
"000490","대동","KOSPI","기계·장비","9970","750","8.13","255638656360"
"008110","대동전자","KOSPI","전기·전자","15040","0","0.00","157776322880"
"005750","대림B&Co","KOSPI","비금속","3665","10","0.27","61103759600"
"006570","대림통상","KOSPI","금속","2600","-5","-0.19","39585000000"
"001680","대상","KOSPI","음식료·담배","18890","-300","-1.56","654501192250"
"001685","대상우","KOSPI","음식료·담배","15520","100","0.65","21265860960"
"084690","대상홀딩스","KOSPI","기타금융","10320","140","1.38","373713392160"
"084695","대상홀딩스우","KOSPI","기타금융","18000","1590","9.69","16442676000"
"128820","대성산업","KOSPI","유통","3280","15","0.46","148372367840"
"117580","대성에너지","KOSPI","전기·가스","8610","120","1.41","236775000000"
"016710","대성홀딩스","KOSPI","일반서비스","6990","-40","-0.57","112465318410"
"003540","대신증권","KOSPI","증권","16020","-50","-0.31","813389868000"
"003547","대신증권2우B","KOSPI","증권","14710","-90","-0.61","147100000000"
"003545","대신증권우","KOSPI","증권","15590","-110","-0.70","405340000000"
"009190","대양금속","KOSPI","금속","1533","-8","-0.52","64937858538"
"014160","대영포장","KOSPI","종이·목재","1035","31","3.09","112188358215"
"047040","대우건설","KOSPI","건설","3095","-10","-0.32","1286352064610"
"003090","대웅","KOSPI","제약","21200","-400","-1.85","1232609976000"
"069620","대웅제약","KOSPI","제약","126800","400","0.32","1469177710000"
"000430","대원강업","KOSPI","운송장비·부품","3825","-65","-1.67","237150000000"
"006340","대원전선","KOSPI","전기·전자","3050","75","2.52","228686483750"
"006345","대원전선우","KOSPI","전기·전자","4150","10","0.24","10877980000"
"003220","대원제약","KOSPI","제약","14400","150","1.05","322957195200"
"024890","대원화성","KOSPI","화학","992","-3","-0.30","40919158784"
"002880","대유에이텍","KOSPI","운송장비·부품","1150","0","0.00","53755623000"
"000300","대유플러스","KOSPI","전기·전자","1984","0","0.00","156936737152"
"012800","대창","KOSPI","금속","1270","30","2.42","115748433730"
"015230","대창단조","KOSPI","운송장비·부품","5040","60","1.20","144004039200"
"001070","대한방직","KOSPI","섬유·의류","5340","30","0.56","28302000000"
"006650","대한유화","KOSPI","화학","76200","-1500","-1.93","495300000000"
"001440","대한전선","KOSPI","전기·전자","11680","530","4.75","2177704464000"
"084010","대한제강","KOSPI","금속","16610","-10","-0.06","388913134170"
"001790","대한제당","KOSPI","음식료·담배","2655","-15","-0.56","238144419900"
"001795","대한제당우","KOSPI","음식료·담배","2345","-25","-1.05","15202072200"
"001130","대한제분","KOSPI","음식료·담배","125800","-600","-0.47","212602000000"
"003490","대한항공","KOSPI","운송·창고","23550","950","4.20","8671596566550"
"003495","대한항공우","KOSPI","운송·창고","22700","0","0.00","25215023800"
"005880","대한해운","KOSPI","운송·창고","1688","14","0.84","542202395600"
"003830","대한화섬","KOSPI","화학","106100","1400","1.34","140900800000"
"016090","대현","KOSPI","섬유·의류","2280","-55","-2.36","100963666800"
"069460","대호에이엘","KOSPI","금속","1295","14","1.09","87780509215"
"475560","더본코리아","KOSPI","유통","31050","-950","-2.97","455103576000"
"192080","더블유게임즈","KOSPI","IT 서비스","52500","-1400","-2.60","1128535065000"
"012510","더존비즈온","KOSPI","IT 서비스","62700","-1000","-1.57","1905000556800"
"004830","덕성","KOSPI","화학","6800","80","1.19","106624000000"
"004835","덕성우","KOSPI","화학","9800","330","3.48","13641600000"
"024900","덕양산업","KOSPI","운송장비·부품","2975","-5","-0.17","96880815500"
"145720","덴티움","KOSPI","의료·정밀기기","66400","4200","6.75","734970312000"
"002150","도화엔지니어링","KOSPI","일반서비스","6550","10","0.15","220866000000"
"460850","동국씨엠","KOSPI","금속","5960","10","0.17","178195989760"
"460860","동국제강","KOSPI","금속","7930","-70","-0.88","393391574810"
"001230","동국홀딩스","KOSPI","기타금융","7380","10","0.14","234687564540"
"023450","동남합성","KOSPI","화학","32050","350","1.10","112175000000"
"004140","동방","KOSPI","운송·창고","2190","25","1.15","105058167540"
"007590","동방아그로","KOSPI","화학","6120","-60","-0.97","83339571240"
"005960","동부건설","KOSPI","건설","3820","-5","-0.13","87655037900"
"005965","동부건설우","KOSPI","건설","21450","1300","6.45","4841951400"
"026960","동서","KOSPI","유통","26700","-650","-2.38","2661990000000"
"002210","동성제약","KOSPI","제약","4600","-30","-0.65","120064462000"
"102260","동성케미컬","KOSPI","일반서비스","3745","0","0.00","186088031360"
"000640","동아쏘시오홀딩스","KOSPI","기타금융","106300","-3500","-3.19","674889451900"
"170900","동아에스티","KOSPI","제약","59100","300","0.51","542117799000"
"028100","동아지질","KOSPI","건설","13820","260","1.92","185042917640"
"001520","동양","KOSPI","비금속","693","-1","-0.14","165408055659"
"001527","동양2우B","KOSPI","비금속","8680","-210","-2.36","2678378920"
"084670","동양고속","KOSPI","운송·창고","7210","-140","-1.90","20877052490"
"082640","동양생명","KOSPI","보험","4425","-65","-1.45","714011738625"
"001525","동양우","KOSPI","비금속","4420","80","1.84","2730371020"
"008970","동양철관","KOSPI","금속","658","8","1.23","103340321280"
"092780","동양피스톤","KOSPI","운송장비·부품","4645","-35","-0.75","61167496700"
"049770","동원F&B","KOSPI","음식료·담배","30650","-400","-1.29","591410753000"
"018500","동원금속","KOSPI","운송장비·부품","2475","570","29.92","115718459175"
"006040","동원산업","KOSPI","기타금융","36300","-650","-1.76","1307594788500"
"030720","동원수산","KOSPI","농업, 임업 및 어업","5030","-60","-1.18","23408639150"
"014820","동원시스템즈","KOSPI","화학","39600","-700","-1.74","1148054767200"
"014825","동원시스템즈우","KOSPI","화학","19660","-160","-0.81","5192422260"
"111380","동인기연","KOSPI","기타제조","18030","-230","-1.26","110487840000"
"163560","동일고무벨트","KOSPI","화학","6910","130","1.92","96049000000"
"004890","동일산업","KOSPI","금속","38850","-700","-1.77","94219602750"
"002690","동일제강","KOSPI","금속","1296","-1","-0.08","26309266560"
"000020","동화약품","KOSPI","제약","6300","0","0.00","175968261000"
"000150","두산","KOSPI","기타금융","265000","10000","3.92","4378816275000"
"000157","두산2우B","KOSPI","기타금융","107000","5900","5.84","95555066000"
"454910","두산로보틱스","KOSPI","기계·장비","67000","14700","28.11","4342938660000"
"241560","두산밥캣","KOSPI","기계·장비","42650","750","1.79","4275626929900"
"034020","두산에너빌리티","KOSPI","기계·장비","18060","510","2.91","11568534296760"
"000155","두산우","KOSPI","기타금융","112800","7500","7.12","450800913600"
"336260","두산퓨얼셀","KOSPI","전기·전자","16300","340","2.13","1067547733800"
"33626K","두산퓨얼셀1우","KOSPI","전기·전자","4800","0","0.00","64148160000"
"33626L","두산퓨얼셀2우B","KOSPI","전기·전자","7990","270","3.50","23860537000"
"016740","두올","KOSPI","운송장비·부품","3110","-20","-0.64","97358500240"
"192650","드림텍","KOSPI","전기·전자","7780","510","7.02","535964518980"
"024090","디씨엠","KOSPI","금속","11330","-40","-0.35","129162000000"
"003160","디아이","KOSPI","의료·정밀기기","14480","0","0.00","409784000000"
"092200","디아이씨","KOSPI","운송장비·부품","3955","275","7.47","153804290395"
"377190","디앤디플랫폼리츠","KOSPI","부동산","2995","50","1.70","264758000000"
"013570","디와이","KOSPI","기타금융","3965","90","2.32","104357344845"
"210540","디와이파워","KOSPI","기계·장비","11280","200","1.81","124550466240"
"032350","롯데관광개발","KOSPI","일반서비스","7560","-90","-1.18","576043143480"
"089860","롯데렌탈","KOSPI","일반서비스","29450","-500","-1.67","1069311476600"
"330590","롯데리츠","KOSPI","부동산","3140","90","2.95","907362295760"
"000400","롯데손해보험","KOSPI","보험","2015","0","0.00","625327684800"
"023530","롯데쇼핑","KOSPI","유통","52300","-1800","-3.33","1479501886500"
"020150","롯데에너지머티리얼즈","KOSPI","전기·전자","22750","-850","-3.60","1049021496250"
"280360","롯데웰푸드","KOSPI","음식료·담배","108000","-3600","-3.23","1018933992000"
"286940","롯데이노베이트","KOSPI","IT 서비스","19400","30","0.15","293509719800"
"004000","롯데정밀화학","KOSPI","화학","39150","-200","-0.51","1010070000000"
"004990","롯데지주","KOSPI","기타금융","20900","-900","-4.13","2192603053300"
"00499K","롯데지주우","KOSPI","기타금융","26400","-350","-1.31","21267919200"
"005300","롯데칠성","KOSPI","음식료·담배","108400","-3600","-3.21","1005831025600"
"005305","롯데칠성우","KOSPI","음식료·담배","65900","-400","-0.60","51092929000"
"011170","롯데케미칼","KOSPI","화학","57800","-2000","-3.34","2472419218200"
"071840","롯데하이마트","KOSPI","유통","7310","60","0.83","172572374720"
"027740","마니커","KOSPI","음식료·담배","824","-1","-0.12","52333251872"
"357430","마스턴프리미어리츠","KOSPI","부동산","1496","-39","-2.54","45635939272"
"001080","만호제강","KOSPI","금속","29650","0","0.00","123047500000"
"088980","맥쿼리인프라","KOSPI","기타금융","10600","10","0.09","5076573125800"
"094800","맵스리얼티1","KOSPI","기타금융","4100","20","0.49","380620757100"
"138040","메리츠금융지주","KOSPI","기타금융","104200","200","0.19","19873035878800"
"090370","메타랩스","KOSPI","섬유·의류","1318","10","0.76","32824380102"
"118000","메타케어","KOSPI","유통","283","1","0.35","46631994012"
"017180","명문제약","KOSPI","제약","1822","3","0.16","61863193188"
"009900","명신산업","KOSPI","운송장비·부품","10300","-10","-0.10","540442369900"
"012690","모나리자","KOSPI","종이·목재","3015","110","3.79","110262333825"
"005360","모나미","KOSPI","유통","2140","0","0.00","40440236980"
"070960","모나용평","KOSPI","일반서비스","3185","-25","-0.78","153304665605"
"009680","모토닉","KOSPI","운송장비·부품","8500","60","0.71","280500000000"
"009580","무림P&P","KOSPI","종이·목재","2950","115","4.06","183986555800"
"009200","무림페이퍼","KOSPI","종이·목재","2065","15","0.73","85923225150"
"033920","무학","KOSPI","음식료·담배","6310","-10","-0.16","179835000000"
"008420","문배철강","KOSPI","금속","2310","-10","-0.43","47363096550"
"025560","미래산업","KOSPI","의료·정밀기기","802","0","0.00","43037665048"
"007120","미래아이앤지","KOSPI","IT 서비스","860","-1","-0.12","24835602880"
"396690","미래에셋글로벌리츠","KOSPI","부동산","2655","70","2.71","105153770700"
"357250","미래에셋맵스리츠","KOSPI","부동산","2505","35","1.42","62612738025"
"085620","미래에셋생명","KOSPI","보험","5250","-20","-0.38","929334992250"
"006800","미래에셋증권","KOSPI","증권","8030","0","0.00","4700090756240"
"00680K","미래에셋증권2우B","KOSPI","증권","3880","-10","-0.26","543200000000"
"006805","미래에셋증권우","KOSPI","증권","4240","-30","-0.70","59681180000"
"002840","미원상사","KOSPI","화학","185100","-2900","-1.54","879225000000"
"268280","미원에스씨","KOSPI","화학","149400","-200","-0.13","747000000000"
"107590","미원홀딩스","KOSPI","기타금융","77900","-400","-0.51","180728000000"
"134380","미원화학","KOSPI","화학","78700","-100","-0.13","173082391600"
"003650","미창석유","KOSPI","화학","89700","300","0.34","156048578400"
"377740","바이오노트","KOSPI","제약","4800","90","1.91","489869030400"
"003610","방림","KOSPI","섬유·의류","4380","110","2.58","185335714200"
"001340","백광산업","KOSPI","화학","7040","-90","-1.26","316225585280"
"035150","백산","KOSPI","화학","12960","-200","-1.52","278640000000"
"002410","범양건영","KOSPI","건설","2630","80","3.14","72271926600"
"007210","벽산","KOSPI","비금속","1837","-1","-0.05","124107720000"
"002760","보락","KOSPI","화학","1095","9","0.83","65590500000"
"003850","보령","KOSPI","제약","10270","-20","-0.19","891304615890"
"000890","보해양조","KOSPI","음식료·담배","493","5","1.02","68586223597"
"003000","부광약품","KOSPI","제약","4580","-10","-0.22","313522393180"
"001270","부국증권","KOSPI","증권","27600","300","1.10","286208853600"
"001275","부국증권우","KOSPI","증권","22050","50","0.23","66150000000"
"026940","부국철강","KOSPI","금속","2370","-25","-1.04","47400000000"
"011390","부산산업","KOSPI","비금속","77000","2500","3.36","81312000000"
"005030","부산주공","KOSPI","운송장비·부품","486","0","0.00","38288532168"
"002070","비비안","KOSPI","섬유·의류","923","46","5.25","27499852770"
"100220","비상교육","KOSPI","오락·문화","4350","40","0.93","56535823350"
"090460","비에이치","KOSPI","전기·전자","17120","-250","-1.44","590030168480"
"005180","빙그레","KOSPI","음식료·담배","81200","-200","-0.25","799920769200"
"003960","사조대림","KOSPI","음식료·담배","40600","0","0.00","372077360200"
"008040","사조동아원","KOSPI","음식료·담배","962","-2","-0.21","135781105200"
"007160","사조산업","KOSPI","농업, 임업 및 어업","34550","-300","-0.86","172750000000"
"014710","사조씨푸드","KOSPI","음식료·담배","4490","-135","-2.92","77311258070"
"006090","사조오양","KOSPI","음식료·담배","8190","140","1.74","77172232410"
"062040","산일전기","KOSPI","전기·전자","67900","-700","-1.02","2067229080000"
"001470","삼부토건","KOSPI","건설","912","-30","-3.18","208557823488"
"028050","삼성E&A","KOSPI","일반서비스","16800","250","1.51","3292800000000"
"448730","삼성FN리츠","KOSPI","부동산","4670","70","1.52","425203500000"
"006400","삼성SDI","KOSPI","전기·전자","239500","-8000","-3.23","16469104935000"
"006405","삼성SDI우","KOSPI","전기·전자","142800","-3100","-2.12","231035548800"
"006660","삼성공조","KOSPI","운송장비·부품","9040","150","1.69","73461878560"
"028260","삼성물산","KOSPI","유통","113300","-1500","-1.31","20142939323100"
"02826K","삼성물산우B","KOSPI","유통","86900","-400","-0.46","127533571000"
"207940","삼성바이오로직스","KOSPI","제약","934000","-15000","-1.58","66476516000000"
"032830","삼성생명","KOSPI","보험","91500","-3300","-3.48","18300000000000"
"018260","삼성에스디에스","KOSPI","IT 서비스","124500","-3300","-2.58","9633536100000"
"009150","삼성전기","KOSPI","전기·전자","122400","-1400","-1.13","9142508390400"
"009155","삼성전기우","KOSPI","전기·전자","56300","-100","-0.18","163663199200"
"005930","삼성전자","KOSPI","전기·전자","53400","200","0.38","318786388170000"
"005935","삼성전자우","KOSPI","전기·전자","44700","500","1.13","36783035490000"
"001360","삼성제약","KOSPI","제약","1558","20","1.30","146704519082"
"010140","삼성중공업","KOSPI","운송장비·부품","11500","200","1.77","10120000000000"
"016360","삼성증권","KOSPI","증권","43050","-450","-1.03","3844365000000"
"068290","삼성출판사","KOSPI","오락·문화","15650","840","5.67","156500000000"
"029780","삼성카드","KOSPI","기타금융","39100","-350","-0.89","4530082638100"
"000810","삼성화재","KOSPI","보험","355500","-3000","-0.84","16841754553500"
"000815","삼성화재우","KOSPI","보험","271500","-3000","-1.09","866628000000"
"006110","삼아알미늄","KOSPI","금속","33200","-650","-1.92","488435611200"
"145990","삼양사","KOSPI","음식료·담배","47800","200","0.42","492982862200"
"145995","삼양사우","KOSPI","음식료·담배","29950","200","0.67","11083596500"
"003230","삼양식품","KOSPI","음식료·담배","739000","-26000","-3.40","5566898085000"
"002170","삼양통상","KOSPI","기타제조","50300","600","1.21","150900000000"
"272550","삼양패키징","KOSPI","화학","16050","-330","-2.01","253408169550"
"000070","삼양홀딩스","KOSPI","기타금융","65000","-500","-0.76","556677615000"
"000075","삼양홀딩스우","KOSPI","기타금융","51700","-100","-0.19","15719798600"
"003720","삼영","KOSPI","화학","3665","-35","-0.95","124610000000"
"002810","삼영무역","KOSPI","유통","12720","-10","-0.08","234899578560"
"005680","삼영전자","KOSPI","전기·전자","9930","80","0.81","198600000000"
"023000","삼원강재","KOSPI","운송장비·부품","2355","10","0.43","94200000000"
"004380","삼익THK","KOSPI","기계·장비","9970","1500","17.71","209370000000"
"002450","삼익악기","KOSPI","기타제조","1169","4","0.34","105830639635"
"004440","삼일씨엔에스","KOSPI","비금속","3385","55","1.65","43097640595"
"000520","삼일제약","KOSPI","제약","13900","750","5.70","301516172900"
"009770","삼정펄프","KOSPI","종이·목재","25500","-100","-0.39","63749260500"
"005500","삼진제약","KOSPI","제약","17840","-230","-1.27","247976000000"
"004690","삼천리","KOSPI","전기·가스","88700","-100","-0.11","359680717500"
"010960","삼호개발","KOSPI","건설","3095","30","0.98","77375000000"
"004450","삼화왕관","KOSPI","금속","30850","350","1.15","66462592150"
"009470","삼화전기","KOSPI","전기·전자","31500","300","0.96","208335330000"
"011230","삼화전자","KOSPI","전기·전자","3240","55","1.73","54764748000"
"001820","삼화콘덴서","KOSPI","전기·전자","26850","-700","-2.54","279105750000"
"000390","삼화페인트","KOSPI","화학","6180","40","0.65","168117438420"
"001290","상상인증권","KOSPI","증권","431","6","1.41","46693298720"
"041650","상신브레이크","KOSPI","운송장비·부품","2930","35","1.21","62911348500"
"075180","새론오토모티브","KOSPI","운송장비·부품","3345","65","1.98","64224000000"
"007540","샘표","KOSPI","기타금융","37800","100","0.27","108705240000"
"248170","샘표식품","KOSPI","음식료·담배","24700","-50","-0.20","112836664200"
"007860","서연","KOSPI","기타금융","6930","180","2.67","162715318920"
"200880","서연이화","KOSPI","운송장비·부품","12050","280","2.38","325692665850"
"017390","서울가스","KOSPI","전기·가스","49850","50","0.10","249250000000"
"004410","서울식품","KOSPI","음식료·담배","148","0","0.00","55463822732"
"004415","서울식품우","KOSPI","음식료·담배","1190","-10","-0.83","2647155000"
"021050","서원","KOSPI","금속","1153","1","0.09","54738202270"
"008490","서흥","KOSPI","화학","12900","210","1.65","149241557700"
"007610","선도전기","KOSPI","전기·전자","3000","0","0.00","54000000000"
"136490","선진","KOSPI","음식료·담배","5640","0","0.00","134116966560"
"014910","성문전자","KOSPI","전기·전자","1067","8","0.76","23965870995"
"014915","성문전자우","KOSPI","전기·전자","4550","-35","-0.76","2730000000"
"003080","성보화학","KOSPI","화학","2490","10","0.40","49849800000"
"004980","성신양회","KOSPI","비금속","7410","-40","-0.54","181664100930"
"004985","성신양회우","KOSPI","비금속","10780","-210","-1.91","7930253100"
"011300","성안머티리얼스","KOSPI","섬유·의류","730","28","3.99","59920296540"
"000180","성창기업지주","KOSPI","일반서비스","1300","-18","-1.37","90677080000"
"002420","세기상사","KOSPI","유통","5080","50","0.99","28238947840"
"004360","세방","KOSPI","운송·창고","11090","-70","-0.63","214133372100"
"004365","세방우","KOSPI","운송·창고","7630","10","0.13","28148977500"
"004490","세방전지","KOSPI","전기·전자","71000","-900","-1.25","994000000000"
"001430","세아베스틸지주","KOSPI","금속","19440","-320","-1.62","697159593360"
"306200","세아제강","KOSPI","금속","118800","-1900","-1.57","336952440000"
"003030","세아제강지주","KOSPI","기타금융","177100","-3400","-1.88","733487454700"
"019440","세아특수강","KOSPI","금속","13080","-20","-0.15","112095600000"
"058650","세아홀딩스","KOSPI","금속","94600","-1000","-1.05","378400000000"
"013000","세우글로벌","KOSPI","유통","1540","124","8.76","44205747740"
"091090","세원이앤씨","KOSPI","금속","1270","0","0.00","66998498210"
"021820","세원정공","KOSPI","운송장비·부품","7260","10","0.14","72600000000"
"067830","세이브존I&C","KOSPI","유통","1985","-20","-1.00","81466176575"
"075580","세진중공업","KOSPI","운송장비·부품","8750","310","3.67","497432740000"
"068270","셀트리온","KOSPI","제약","180300","-7200","-3.84","39139263286200"
"336370","솔루스첨단소재","KOSPI","전기·전자","8180","-20","-0.24","574377873920"
"33637K","솔루스첨단소재1우","KOSPI","전기·전자","1917","0","0.00","32414104422"
"33637L","솔루스첨단소재2우B","KOSPI","전기·전자","4020","-10","-0.25","15188749920"
"248070","솔루엠","KOSPI","전기·전자","19850","640","3.33","992610187350"
"004430","송원산업","KOSPI","화학","10810","-380","-3.40","259440000000"
"126720","수산인더스트리","KOSPI","건설","19710","300","1.55","281577060000"
"017550","수산중공업","KOSPI","기계·장비","1905","15","0.79","118870342650"
"053210","스카이라이프","KOSPI","오락·문화","4650","-75","-1.59","220981740750"
"204210","스타에스엠리츠","KOSPI","부동산","2500","-25","-0.99","19567037500"
"026890","스틱인베스트먼트","KOSPI","기타금융","8700","70","0.81","362600122500"
"134790","시디즈","KOSPI","기타제조","22250","50","0.23","44500000000"
"462870","시프트업","KOSPI","IT 서비스","61200","-2200","-3.47","3570084864000"
"016590","신대양제지","KOSPI","종이·목재","5710","-20","-0.35","230100552200"
"029530","신도리코","KOSPI","전기·전자","37100","-400","-1.07","373969075900"
"004970","신라교역","KOSPI","농업, 임업 및 어업","9310","-80","-0.85","148960000000"
"011930","신성이엔지","KOSPI","전기·전자","1184","13","1.11","243724210784"
"005390","신성통상","KOSPI","유통","2180","10","0.46","313284290200"
"004170","신세계","KOSPI","유통","130000","-3000","-2.26","1279873530000"
"035510","신세계 I&C","KOSPI","IT 서비스","13910","-590","-4.07","212385391400"
"034300","신세계건설","KOSPI","건설","18110","0","0.00","140543632940"
"031430","신세계인터내셔날","KOSPI","유통","9910","-190","-1.88","353787000000"
"031440","신세계푸드","KOSPI","일반서비스","33800","-2200","-6.11","130889824000"
"006880","신송홀딩스","KOSPI","유통","6300","70","1.12","74521805400"
"005800","신영와코루","KOSPI","섬유·의류","9150","10","0.11","82350000000"
"001720","신영증권","KOSPI","증권","76300","300","0.39","1254372000000"
"009270","신원","KOSPI","섬유·의류","1500","33","2.25","153879534000"
"002700","신일전자","KOSPI","유통","1411","1","0.07","100248052131"
"002870","신풍","KOSPI","유통","1242","-26","-2.05","43418705400"
"019170","신풍제약","KOSPI","제약","10650","340","3.30","564290143500"
"019175","신풍제약우","KOSPI","제약","16110","410","2.61","35442000000"
"481850","신한글로벌액티브리츠","KOSPI","기타금융","2060","30","1.48","89563987840"
"404990","신한서부티엔디리츠","KOSPI","부동산","3465","30","0.87","193887138060"
"293940","신한알파리츠","KOSPI","부동산","5740","100","1.77","694196306020"
"055550","신한지주","KOSPI","기타금융","47750","100","0.21","24039514268750"
"004080","신흥","KOSPI","유통","14350","50","0.35","136325000000"
"102280","쌍방울","KOSPI","섬유·의류","13450","0","0.00","70637274900"
"004770","써니전자","KOSPI","전기·전자","2165","90","4.34","79461743860"
"403550","쏘카","KOSPI","일반서비스","17970","-230","-1.26","590079128940"
"004920","씨아이테크","KOSPI","전기·전자","1130","0","0.00","56574346090"
"112610","씨에스윈드","KOSPI","금속","42500","600","1.43","1792284627500"
"308170","씨티알모빌리티","KOSPI","운송장비·부품","5950","20","0.34","51229500000"
"008700","아남전자","KOSPI","전기·전자","1365","46","3.49","105275379300"
"002790","아모레G","KOSPI","화학","20750","-50","-0.24","1711007235000"
"00279K","아모레G3우(전환)","KOSPI","화학","17110","-50","-0.29","121347542000"
"002795","아모레G우","KOSPI","화학","8870","30","0.34","57156239900"
"090430","아모레퍼시픽","KOSPI","화학","103400","-1400","-1.34","6048151280600"
"090435","아모레퍼시픽우","KOSPI","화학","31500","-600","-1.87","332571645000"
"002030","아세아","KOSPI","일반서비스","248000","-3500","-1.39","520696832000"
"183190","아세아시멘트","KOSPI","비금속","10100","-180","-1.75","382148508600"
"002310","아세아제지","KOSPI","종이·목재","7190","-110","-1.51","307606246900"
"012170","아센디오","KOSPI","오락·문화","385","-5","-1.28","39874252880"
"267850","아시아나IDT","KOSPI","IT 서비스","11940","-80","-0.67","132534000000"
"020560","아시아나항공","KOSPI","운송·창고","10390","-10","-0.10","2140243487290"
"122900","아이마켓코리아","KOSPI","유통","7970","-30","-0.38","266427854800"
"010780","아이에스동서","KOSPI","비금속","20700","-200","-0.96","624870403200"
"139990","아주스틸","KOSPI","금속","3900","15","0.39","103419201600"
"009320","아진전자부품","KOSPI","운송장비·부품","1010","6","0.60","49792767700"
"001780","알루코","KOSPI","금속","2030","25","1.25","196565167960"
"018250","애경산업","KOSPI","화학","12420","-800","-6.05","328011392700"
"161000","애경케미칼","KOSPI","화학","6580","-250","-3.66","320108505220"
"011090","에넥스","KOSPI","기타제조","615","37","6.40","36894859215"
"137310","에스디바이오센서","KOSPI","의료·정밀기기","10690","410","3.99","1330662903570"
"005850","에스엘","KOSPI","운송장비·부품","30150","0","0.00","1400422878000"
"010580","에스엠벡셀","KOSPI","운송장비·부품","1335","-4","-0.30","148521099600"
"012750","에스원","KOSPI","일반서비스","56600","-2600","-4.39","2150753474800"
"023960","에쓰씨엔지니어링","KOSPI","건설","1385","57","4.29","48556142995"
"298690","에어부산","KOSPI","운송·창고","2265","-35","-1.52","264189600000"
"140910","에이리츠","KOSPI","부동산","3130","0","0.00","13969290160"
"078520","에이블씨엔씨","KOSPI","화학","7200","220","3.15","187301959200"
"015260","에이엔피","KOSPI","전기·전자","588","8","1.38","26528733672"
"007460","에이프로젠","KOSPI","금속","772","-4","-0.52","234784109368"
"003060","에이프로젠바이오로직스","KOSPI","제약","647","-15","-2.27","128369875715"
"244920","에이플러스에셋","KOSPI","기타금융","4385","-25","-0.57","99134733805"
"278470","에이피알","KOSPI","화학","51100","1100","2.20","1948232979000"
"450080","에코프로머티","KOSPI","전기·전자","61800","-4000","-6.08","4309843502400"
"036570","엔씨소프트","KOSPI","IT 서비스","182000","-1100","-0.60","3995632004000"
"085310","엔케이","KOSPI","금속","900","38","4.41","71985016800"
"900140","엘브이엠씨홀딩스","KOSPI","유통","1612","9","0.56","276600518532"
"066970","엘앤에프","KOSPI","전기·전자","77500","-3500","-4.32","2813030985000"
"097520","엠씨넥스","KOSPI","전기·전자","19660","480","2.50","353442211120"
"484870","엠앤씨솔루션","KOSPI","기계·장비","47000","4150","9.68","430233300000"
"014440","영보화학","KOSPI","화학","3625","65","1.83","72500000000"
"111770","영원무역","KOSPI","유통","40550","-1850","-4.36","1796830027400"
"009970","영원무역홀딩스","KOSPI","기타금융","81100","-2100","-2.52","1105846511200"
"003520","영진약품","KOSPI","제약","1994","6","0.30","364688105614"
"000670","영풍","KOSPI","금속","383000","-1500","-0.39","705501320000"
"006740","영풍제지","KOSPI","종이·목재","1150","-10","-0.86","64293300700"
"012280","영화금속","KOSPI","운송장비·부품","908","8","0.89","46911370540"
"012160","영흥","KOSPI","금속","412","6","1.48","41739873264"
"015360","예스코홀딩스","KOSPI","일반서비스","49400","-1000","-1.98","296400000000"
"007310","오뚜기","KOSPI","음식료·담배","390500","-5000","-1.26","1565057615000"
"002630","오리엔트바이오","KOSPI","제약","1736","189","12.22","205860096680"
"271560","오리온","KOSPI","음식료·담배","103100","700","0.68","4076175209200"
"001800","오리온홀딩스","KOSPI","기타금융","15090","30","0.20","945319417980"
"005320","온타이드","KOSPI","유통","437","12","2.82","29422356539"
"011690","와이투솔루션","KOSPI","전기·전자","1940","-85","-4.20","70954324360"
"316140","우리금융지주","KOSPI","기타금융","15290","-80","-0.52","11354224050290"
"006980","우성","KOSPI","음식료·담배","15000","150","1.01","46350000000"
"017370","우신시스템","KOSPI","기계·장비","6060","360","6.32","110983167240"
"105840","우진","KOSPI","의료·정밀기기","6460","90","1.41","131290546440"
"010400","우진아이엔에스","KOSPI","건설","3155","-140","-4.25","24047410000"
"049800","우진플라임","KOSPI","기계·장비","2060","0","0.00","41200000000"
"016880","웅진","KOSPI","일반서비스","855","18","2.15","68337653400"
"095720","웅진씽크빅","KOSPI","일반서비스","1550","-17","-1.08","179034276750"
"005820","원림","KOSPI","섬유·의류","12760","160","1.27","29322097200"
"010600","웰바이오텍","KOSPI","유통","545","0","0.00","49553256815"
"008600","윌비스","KOSPI","유통","792","92","13.14","53250942888"
"033270","유나이티드제약","KOSPI","제약","18210","0","0.00","297438898620"
"014830","유니드","KOSPI","화학","71100","-1200","-1.66","481176360000"
"446070","유니드비티플러스","KOSPI","종이·목재","3645","70","1.96","38677878675"
"000910","유니온","KOSPI","비금속","5000","-30","-0.60","78058095000"
"047400","유니온머티리얼","KOSPI","비금속","2205","35","1.61","92610000000"
"011330","유니켐","KOSPI","기타제조","1468","-18","-1.21","142391841156"
"077500","유니퀘스트","KOSPI","유통","7520","870","13.08","162432767040"
"002920","유성기업","KOSPI","운송장비·부품","1835","-14","-0.76","47613662500"
"000700","유수홀딩스","KOSPI","일반서비스","5320","-10","-0.19","138542439840"
"003470","유안타증권","KOSPI","증권","2660","30","1.14","530926892160"
"003475","유안타증권우","KOSPI","증권","2875","-5","-0.17","37122609500"
"072130","유엔젤","KOSPI","IT 서비스","5560","-480","-7.95","73366724240"
"000220","유유제약","KOSPI","제약","4620","115","2.55","78689461620"
"000225","유유제약1우","KOSPI","제약","4535","55","1.23","10280527550"
"000227","유유제약2우B","KOSPI","제약","9580","0","0.00","3118864800"
"001200","유진투자증권","KOSPI","증권","2440","5","0.21","236354059920"
"000100","유한양행","KOSPI","제약","118300","-1200","-1.00","9488732271200"
"000105","유한양행우","KOSPI","제약","106100","2200","2.12","125297734000"
"003460","유화증권","KOSPI","증권","2175","-20","-0.91","123327752625"
"003465","유화증권우","KOSPI","증권","2195","-15","-0.68","38360752875"
"008730","율촌화학","KOSPI","화학","20600","-100","-0.48","510880000000"
"008250","이건산업","KOSPI","종이·목재","5160","-20","-0.39","56515596600"
"025820","이구산업","KOSPI","금속","4040","95","2.41","135105680000"
"214320","이노션","KOSPI","일반서비스","19100","-290","-1.50","764000000000"
"088260","이리츠코크렙","KOSPI","부동산","4125","20","0.49","261284058750"
"139480","이마트","KOSPI","유통","62100","-1300","-2.05","1731088359900"
"457190","이수스페셜티케미컬","KOSPI","화학","30050","-1400","-4.45","907758814000"
"007660","이수페타시스","KOSPI","전기·전자","27450","100","0.37","1736114201550"
"005950","이수화학","KOSPI","화학","6040","-60","-0.98","137245343560"
"015020","이스타코","KOSPI","부동산","2230","331","17.43","95559068000"
"093230","이아이디","KOSPI","유통","1392","0","0.00","354103029120"
"074610","이엔플러스","KOSPI","기계·장비","1013","-7","-0.69","74328600477"
"102460","이연제약","KOSPI","제약","12970","130","1.01","241070938670"
"084680","이월드","KOSPI","기타제조","1510","10","0.67","214127351430"
"350520","이지스레지던스리츠","KOSPI","부동산","3855","25","0.65","142119208710"
"334890","이지스밸류리츠","KOSPI","부동산","4425","35","0.80","227637350325"
"000760","이화산업","KOSPI","유통","10240","-10","-0.10","28672000000"
"014990","인디에프","KOSPI","섬유·의류","950","35","3.83","71357345250"
"101140","인바이오젠","KOSPI","유통","9340","0","0.00","93812977440"
"006490","인스코비","KOSPI","통신","1511","-4","-0.26","180366555978"
"023800","인지컨트롤스","KOSPI","운송장비·부품","5660","-20","-0.35","89480055020"
"034590","인천도시가스","KOSPI","전기·가스","24600","0","0.00","107618948400"
"129260","인터지스","KOSPI","운송·창고","2510","95","3.93","74667163740"
"023810","인팩","KOSPI","운송장비·부품","5590","-180","-3.12","55900000000"
"249420","일동제약","KOSPI","제약","11510","-260","-2.21","322999386510"
"000230","일동홀딩스","KOSPI","제약","7470","-670","-8.23","86206788000"
"013360","일성건설","KOSPI","건설","4540","880","24.04","245272955200"
"003120","일성아이에스","KOSPI","제약","15350","-150","-0.97","204155000000"
"003200","일신방직","KOSPI","섬유·의류","7720","140","1.85","179721600000"
"007110","일신석재","KOSPI","유통","2250","90","4.17","174277372500"
"007570","일양약품","KOSPI","제약","11810","400","3.51","225401691840"
"007575","일양약품우","KOSPI","제약","10430","50","0.48","4642184400"
"008500","일정실업","KOSPI","섬유·의류","11130","270","2.49","13356000000"
"081000","일진다이아","KOSPI","화학","10900","10","0.09","154812427500"
"020760","일진디스플","KOSPI","전기·전자","820","-10","-1.20","42241267620"
"103590","일진전기","KOSPI","전기·전자","29150","1900","6.97","1390029118500"
"271940","일진하이솔루스","KOSPI","운송장비·부품","16460","230","1.42","597715107400"
"015860","일진홀딩스","KOSPI","기타금융","3760","-15","-0.40","185546536080"
"226320","잇츠한불","KOSPI","화학","10560","-110","-1.03","231573566400"
"317400","자이에스앤디","KOSPI","부동산","3225","20","0.62","125073627000"
"033240","자화전자","KOSPI","전기·전자","11720","-70","-0.59","259666796400"
"000950","전방","KOSPI","섬유·의류","18200","-240","-1.30","30576000000"
"079900","전진건설로봇","KOSPI","기계·장비","37450","1950","5.49","546490810250"
"348950","제이알글로벌리츠","KOSPI","부동산","2755","0","0.00","543770880000"
"194370","제이에스코퍼레이션","KOSPI","기타제조","14560","410","2.90","199175194400"
"025620","제이준코스메틱","KOSPI","화학","3860","20","0.52","17311505560"
"030000","제일기획","KOSPI","일반서비스","17120","170","1.00","1969505772000"
"271980","제일약품","KOSPI","제약","11510","110","0.96","169253076720"
"001560","제일연마","KOSPI","비금속","9270","130","1.42","91773000000"
"002620","제일파마홀딩스","KOSPI","일반서비스","7830","10","0.13","125071369650"
"006220","제주은행","KOSPI","은행","8300","-230","-2.70","266668824200"
"089590","제주항공","KOSPI","운송·창고","7150","-350","-4.67","576583042750"
"004910","조광페인트","KOSPI","화학","5880","-80","-1.34","75264000000"
"004700","조광피혁","KOSPI","기타제조","54100","-500","-0.92","359718365800"
"001550","조비","KOSPI","화학","10840","340","3.24","56283870760"
"462520","조선내화","KOSPI","비금속","15310","-150","-0.97","181502622080"
"120030","조선선재","KOSPI","금속","97000","1800","1.89","121992147000"
"018470","조일알미늄","KOSPI","금속","1414","19","1.36","179057253494"
"002600","조흥","KOSPI","음식료·담배","166000","-6900","-3.99","99600000000"
"185750","종근당","KOSPI","제약","89100","100","0.11","1173840822000"
"063160","종근당바이오","KOSPI","제약","21950","-50","-0.23","120416865900"
"001630","종근당홀딩스","KOSPI","제약","47450","-250","-0.52","237717904450"
"109070","주성코퍼레이션","KOSPI","전기·전자","4100","0","0.00","216521943000"
"044380","주연테크","KOSPI","전기·전자","309","7","2.32","20518790268"
"013890","지누스","KOSPI","기타제조","24600","1000","4.24","547462569600"
"013870","지엠비코리아","KOSPI","운송장비·부품","3670","0","0.00","69995267600"
"071320","지역난방공사","KOSPI","전기·가스","40250","-1150","-2.78","466044446000"
"088790","진도","KOSPI","유통","1670","19","1.15","20787732480"
"003780","진양산업","KOSPI","화학","9590","940","10.87","124670000000"
"010640","진양폴리","KOSPI","화학","7050","410","6.17","70500000000"
"100250","진양홀딩스","KOSPI","화학","3090","10","0.32","172716452280"
"051630","진양화학","KOSPI","화학","3555","330","10.23","75366000000"
"272450","진에어","KOSPI","운송·창고","9790","170","1.77","511038000000"
"011000","진원생명과학","KOSPI","제약","2200","85","4.02","176085877000"
"002780","진흥기업","KOSPI","건설","829","34","4.28","120596076605"
"002787","진흥기업2우B","KOSPI","건설","9750","-10","-0.10","2874378000"
"002785","진흥기업우B","KOSPI","건설","3490","-45","-1.27","2991690820"
"009310","참엔지니어링","KOSPI","기계·장비","350","14","4.17","29703596650"
"000650","천일고속","KOSPI","운송·창고","36150","200","0.56","51666303000"
"012600","청호ICT","KOSPI","기계·장비","2490","0","0.00","116119947330"
"033250","체시스","KOSPI","운송장비·부품","1164","39","3.47","37248000000"
"035720","카카오","KOSPI","IT 서비스","37450","-750","-1.96","16611452363450"
"323410","카카오뱅크","KOSPI","은행","20950","-100","-0.48","9992492945150"
"377300","카카오페이","KOSPI","기타금융","26100","-150","-0.57","3513966740100"
"006380","카프로","KOSPI","화학","3660","0","0.00","618539985360"
"001620","케이비아이동국실업","KOSPI","운송장비·부품","487","0","0.00","54199706097"
"029460","케이씨","KOSPI","의료·정밀기기","16580","-10","-0.06","224726049520"
"281820","케이씨텍","KOSPI","의료·정밀기기","26700","650","2.50","557003545200"
"381970","케이카","KOSPI","유통","13020","210","1.64","627330590460"
"145270","케이탑리츠","KOSPI","부동산","975","22","2.31","46859254650"
"417310","코람코더원리츠","KOSPI","부동산","4340","120","2.84","175336000000"
"357120","코람코라이프인프라리츠","KOSPI","부동산","4095","10","0.24","398588274630"
"007815","코리아써우","KOSPI","전기·전자","5080","50","0.99","15060625200"
"007810","코리아써키트","KOSPI","전기·전자","9240","120","1.32","218255739240"
"00781K","코리아써키트2우B","KOSPI","전기·전자","5100","-30","-0.58","3996864900"
"003690","코리안리","KOSPI","보험","8030","80","1.01","1564412878930"
"192820","코스맥스","KOSPI","화학","140100","-9000","-6.04","1590066210900"
"044820","코스맥스비티아이","KOSPI","기타금융","8490","-170","-1.96","81537289290"
"005070","코스모신소재","KOSPI","화학","50400","-1100","-2.14","1638542102400"
"005420","코스모화학","KOSPI","화학","14830","-470","-3.07","569594021240"
"071950","코아스","KOSPI","기타제조","8400","-600","-6.67","27642048000"
"002020","코오롱","KOSPI","기타금융","14060","30","0.21","177527549560"
"138490","코오롱ENP","KOSPI","화학","5280","10","0.19","200640000000"
"003070","코오롱글로벌","KOSPI","건설","8810","0","0.00","166797201530"
"003075","코오롱글로벌우","KOSPI","건설","16110","-240","-1.47","11933273070"
"450140","코오롱모빌리티그룹","KOSPI","유통","2510","160","6.81","157570897500"
"45014K","코오롱모빌리티그룹우","KOSPI","유통","8170","-30","-0.37","20066500400"
"002025","코오롱우","KOSPI","기타금융","12390","-250","-1.98","13336472100"
"120110","코오롱인더","KOSPI","화학","26900","-250","-0.92","740263547900"
"120115","코오롱인더우","KOSPI","화학","18550","-110","-0.59","51343803000"
"021240","코웨이","KOSPI","일반서비스","67000","100","0.15","4944574473000"
"036420","콘텐트리중앙","KOSPI","오락·문화","8600","-200","-2.27","165655848800"
"024720","콜마홀딩스","KOSPI","기타금융","6730","0","0.00","230813823070"
"031820","콤텍시스템","KOSPI","IT 서비스","534","0","0.00","64641482844"
"192400","쿠쿠홀딩스","KOSPI","기타금융","23000","0","0.00","817930255000"
"284740","쿠쿠홈시스","KOSPI","일반서비스","20400","-250","-1.21","457721532000"
"264900","크라운제과","KOSPI","음식료·담배","7800","10","0.13","97686030000"
"26490K","크라운제과우","KOSPI","음식료·담배","9690","0","0.00","7495796400"
"005740","크라운해태홀딩스","KOSPI","기타금융","5550","50","0.91","82402775850"
"005745","크라운해태홀딩스우","KOSPI","기타금융","7830","-140","-1.76","4703684580"
"259960","크래프톤","KOSPI","IT 서비스","316500","4000","1.28","15162462321000"
"020120","키다리스튜디오","KOSPI","IT 서비스","3350","-10","-0.30","124163616100"
"039490","키움증권","KOSPI","증권","112400","-3800","-3.27","2869201754400"
"014580","태경비케이","KOSPI","비금속","4595","55","1.21","126744344500"
"015890","태경산업","KOSPI","화학","4880","-20","-0.41","142636300000"
"006890","태경케미컬","KOSPI","화학","11220","0","0.00","130152000000"
"003240","태광산업","KOSPI","화학","606000","-1000","-0.16","674720400000"
"011280","태림포장","KOSPI","종이·목재","1943","7","0.36","137575941420"
"004100","태양금속","KOSPI","운송장비·부품","2595","65","2.57","95236500000"
"004105","태양금속우","KOSPI","운송장비·부품","4350","195","4.69","14355000000"
"009410","태영건설","KOSPI","건설","2430","20","0.83","699609968910"
"009415","태영건설우","KOSPI","건설","4410","-20","-0.45","2866385340"
"001420","태원물산","KOSPI","운송장비·부품","3830","130","3.51","29108000000"
"055490","테이팩스","KOSPI","화학","12570","-150","-1.18","59954500500"
"078000","텔코웨어","KOSPI","IT 서비스","9440","-330","-3.38","87226326880"
"214420","토니모리","KOSPI","화학","6280","100","1.62","151064137720"
"019180","티에이치엔","KOSPI","전기·전자","3150","-10","-0.32","56700000000"
"363280","티와이홀딩스","KOSPI","기타금융","2715","-5","-0.18","136915462620"
"36328K","티와이홀딩스우","KOSPI","기타금융","4080","-40","-0.97","5071497120"
"091810","티웨이항공","KOSPI","운송·창고","2465","65","2.71","530909175840"
"004870","티웨이홀딩스","KOSPI","비금속","700","24","3.55","78693612900"
"034230","파라다이스","KOSPI","오락·문화","9670","70","0.73","887431594410"
"005690","파미셀","KOSPI","제약","8170","-110","-1.33","490338595880"
"036580","팜스코","KOSPI","음식료·담배","2200","5","0.23","80801474600"
"004720","팜젠사이언스","KOSPI","제약","4225","135","3.30","76804268125"
"028670","팬오션","KOSPI","운송·창고","3290","-10","-0.30","1758733694480"
"010820","퍼스텍","KOSPI","금속","3070","105","3.54","149729849660"
"016800","퍼시스","KOSPI","기타제조","40900","100","0.25","470350000000"
"001020","페이퍼코리아","KOSPI","종이·목재","840","4","0.48","149505982920"
"090080","평화산업","KOSPI","운송장비·부품","890","0","0.00","48863010510"
"010770","평화홀딩스","KOSPI","운송장비·부품","2475","-50","-1.98","36198028350"
"022100","포스코DX","KOSPI","일반서비스","19300","220","1.15","2934270269700"
"058430","포스코스틸리온","KOSPI","금속","28000","-900","-3.11","168000000000"
"047050","포스코인터내셔널","KOSPI","유통","40100","450","1.13","7054503798800"
"003670","포스코퓨처엠","KOSPI","전기·전자","137900","-4200","-2.96","10682178038000"
"017810","풀무원","KOSPI","음식료·담배","10600","-100","-0.93","404077745200"
"103140","풍산","KOSPI","금속","51700","1750","3.50","1448855172600"
"005810","풍산홀딩스","KOSPI","기타금융","25650","-200","-0.77","369803539800"
"950210","프레스티지바이오파마","KOSPI","일반서비스","15330","220","1.46","921274056150"
"009810","플레이그램","KOSPI","유통","367","-5","-1.34","55742712500"
"086790","하나금융지주","KOSPI","기타금융","56800","0","0.00","16315281984000"
"293480","하나제약","KOSPI","제약","10680","-220","-2.02","189815063280"
"039130","하나투어","KOSPI","일반서비스","54700","400","0.74","877343419500"
"352820","하이브","KOSPI","오락·문화","196300","2900","1.50","8176306641100"
"071090","하이스틸","KOSPI","금속","2735","0","0.00","55223673185"
"019490","하이트론","KOSPI","전기·전자","2885","-55","-1.87","86677716065"
"000080","하이트진로","KOSPI","음식료·담배","19460","-60","-0.31","1364800070060"
"000087","하이트진로2우B","KOSPI","음식료·담배","15730","60","0.38","17777070740"
"000140","하이트진로홀딩스","KOSPI","기타금융","9090","-10","-0.11","210949493850"
"000145","하이트진로홀딩스우","KOSPI","기타금융","11110","0","0.00","5230699100"
"152550","한국ANKOR유전","KOSPI","기타금융","307","4","1.32","21496140000"
"036460","한국가스공사","KOSPI","전기·가스","34100","-600","-1.73","3147873300000"
"005430","한국공항","KOSPI","운송·창고","55800","-1000","-1.76","176682609000"
"071050","한국금융지주","KOSPI","기타금융","70700","-600","-0.84","3939827634400"
"071055","한국금융지주우","KOSPI","기타금융","52500","-500","-0.94","307558177500"
"010040","한국내화","KOSPI","비금속","2170","20","0.93","89115524540"
"025540","한국단자","KOSPI","전기·전자","67000","100","0.15","697805000000"
"010100","한국무브넥스","KOSPI","운송장비·부품","3195","100","3.23","97289091900"
"004090","한국석유","KOSPI","비금속","13220","-10","-0.08","167816266400"
"002200","한국수출포장","KOSPI","종이·목재","2800","25","0.90","112000000000"
"002960","한국쉘석유","KOSPI","화학","318000","-500","-0.16","413400000000"
"000240","한국앤컴퍼니","KOSPI","기타금융","16840","-80","-0.47","1598709441600"
"123890","한국자산신탁","KOSPI","기타금융","2810","25","0.90","348377483120"
"015760","한국전력","KOSPI","전기·가스","19560","-490","-2.44","12556817346120"
"006200","한국전자홀딩스","KOSPI","기타금융","714","20","2.88","33417439104"
"027970","한국제지","KOSPI","종이·목재","850","12","1.43","161651501450"
"023350","한국종합기술","KOSPI","일반서비스","6270","420","7.18","68656500000"
"025890","한국주강","KOSPI","기계·장비","1887","8","0.43","21340571733"
"000970","한국주철관","KOSPI","금속","6160","-40","-0.65","140451080000"
"104700","한국철강","KOSPI","금속","7990","-390","-4.65","339175500000"
"017960","한국카본","KOSPI","금속","12270","520","4.43","636916706040"
"161890","한국콜마","KOSPI","화학","57000","1900","3.45","1345489389000"
"161390","한국타이어앤테크놀로지","KOSPI","화학","38150","-250","-0.65","4725833882350"
"034830","한국토지신탁","KOSPI","기타금융","1000","0","0.00","252489230000"
"007280","한국특강","KOSPI","금속","1640","-45","-2.67","99733830040"
"168490","한국패러랠","KOSPI","기타금융","142","-16","-10.13","11362840000"
"047810","한국항공우주","KOSPI","운송장비·부품","55800","900","1.64","5439110970600"
"123690","한국화장품","KOSPI","유통","6200","-10","-0.16","99621600000"
"003350","한국화장품제조","KOSPI","화학","51500","-200","-0.39","233398000000"
"011500","한농화성","KOSPI","화학","13130","-250","-1.87","205314361460"
"002390","한독","KOSPI","제약","11990","-60","-0.50","165024760670"
"053690","한미글로벌","KOSPI","일반서비스","16980","350","2.10","186059199000"
"042700","한미반도체","KOSPI","기계·장비","87100","4600","5.58","8415101958900"
"008930","한미사이언스","KOSPI","기타금융","29200","-250","-0.85","1997033260000"
"128940","한미약품","KOSPI","제약","278500","-2000","-0.71","3567860993500"
"009240","한샘","KOSPI","유통","47650","100","0.21","1121391669200"
"020000","한섬","KOSPI","섬유·의류","14690","-20","-0.14","343723965000"
"003680","한성기업","KOSPI","음식료·담배","5120","80","1.59","31792716800"
"105630","한세실업","KOSPI","섬유·의류","13750","-420","-2.96","550000000000"
"069640","한세엠케이","KOSPI","유통","1220","38","3.21","36729932440"
"016450","한세예스24홀딩스","KOSPI","섬유·의류","4180","-50","-1.18","167200000000"
"010420","한솔PNS","KOSPI","유통","1103","-11","-0.99","22603792236"
"009180","한솔로지스틱스","KOSPI","운송·창고","2075","-5","-0.24","58423336875"
"213500","한솔제지","KOSPI","종이·목재","8620","10","0.12","205160965120"
"014680","한솔케미칼","KOSPI","화학","94000","-3000","-3.09","1065508330000"
"004710","한솔테크닉스","KOSPI","전기·전자","3955","70","1.80","126994567490"
"004150","한솔홀딩스","KOSPI","기타금융","2360","10","0.43","99140241720"
"025750","한솔홈데코","KOSPI","종이·목재","661","18","2.80","53253563489"
"004960","한신공영","KOSPI","건설","6400","10","0.16","74052492800"
"011700","한신기계","KOSPI","기계·장비","2730","30","1.11","88577992230"
"001750","한양증권","KOSPI","증권","11840","100","0.85","150705842560"
"001755","한양증권우","KOSPI","증권","13450","-60","-0.44","7061250000"
"018880","한온시스템","KOSPI","기계·장비","4010","0","0.00","2140538000000"
"009420","한올바이오파마","KOSPI","제약","38500","-150","-0.39","2011264563000"
"014130","한익스프레스","KOSPI","운송·창고","3330","5","0.15","39960000000"
"300720","한일시멘트","KOSPI","비금속","14410","-110","-0.76","998058791400"
"002220","한일철강","KOSPI","금속","1909","-1","-0.05","50965451140"
"006390","한일현대시멘트","KOSPI","비금속","13440","-110","-0.81","259763911680"
"003300","한일홀딩스","KOSPI","비금속","13790","-210","-1.50","425185470360"
"051600","한전KPS","KOSPI","건설","44100","0","0.00","1984500000000"
"052690","한전기술","KOSPI","일반서비스","53700","700","1.32","2052414000000"
"130660","한전산업","KOSPI","일반서비스","9360","0","0.00","305136000000"
"002320","한진","KOSPI","운송·창고","19080","70","0.37","285200742240"
"003480","한진중공업홀딩스","KOSPI","전기·가스","3660","-20","-0.54","108079111920"
"180640","한진칼","KOSPI","기타금융","72200","-3200","-4.24","4820236543800"
"18064K","한진칼우","KOSPI","기타금융","23100","0","0.00","12399294600"
"005110","한창","KOSPI","유통","1254","0","0.00","23332434378"
"009460","한창제지","KOSPI","종이·목재","723","10","1.40","43139592378"
"372910","한컴라이프케어","KOSPI","의료·정밀기기","3205","65","2.07","88696471230"
"000880","한화","KOSPI","화학","27050","150","0.56","2027633781750"
"00088K","한화3우B","KOSPI","화학","14900","-120","-0.80","289126170900"
"452260","한화갤러리아","KOSPI","유통","1108","14","1.28","214796447880"
"45226K","한화갤러리아우","KOSPI","유통","2255","0","0.00","6549579850"
"451800","한화리츠","KOSPI","부동산","3495","15","0.43","627702000000"
"088350","한화생명","KOSPI","보험","2445","-15","-0.61","2123555850000"
"000370","한화손해보험","KOSPI","보험","4030","0","0.00","470457827450"
"009830","한화솔루션","KOSPI","화학","16150","30","0.19","2776064456400"
"009835","한화솔루션우","KOSPI","화학","15150","240","1.61","39016537350"
"272210","한화시스템","KOSPI","전기·전자","23900","1300","5.75","4515173397100"
"012450","한화에어로스페이스","KOSPI","운송장비·부품","363500","37000","11.33","16568752023500"
"082740","한화엔진","KOSPI","기계·장비","18690","250","1.36","1559627083980"
"042660","한화오션","KOSPI","운송장비·부품","37800","450","1.20","11582426293200"
"000885","한화우","KOSPI","화학","39650","0","0.00","7891658450"
"489790","한화인더스트리얼솔루션즈","KOSPI","기타금융","31550","-50","-0.16","1592908704500"
"003530","한화투자증권","KOSPI","증권","3485","125","3.72","747698995875"
"003535","한화투자증권우","KOSPI","증권","6970","210","3.11","33456000000"
"195870","해성디에스","KOSPI","전기·전자","23150","-250","-1.07","393550000000"
"101530","해태제과식품","KOSPI","음식료·담배","5970","-30","-0.50","173827427340"
"143210","핸즈코퍼레이션","KOSPI","운송장비·부품","1821","-11","-0.60","39835735287"
"000720","현대건설","KOSPI","건설","25450","50","0.20","2834004219250"
"000725","현대건설우","KOSPI","건설","43200","-200","-0.46","45562737600"
"453340","현대그린푸드","KOSPI","유통","14030","-410","-2.84","475349223420"
"086280","현대글로비스","KOSPI","운송·창고","133800","15700","13.29","10035000000000"
"064350","현대로템","KOSPI","운송장비·부품","52100","2400","4.83","5686313465300"
"079430","현대리바트","KOSPI","기타제조","7550","-80","-1.05","155041379100"
"012330","현대모비스","KOSPI","운송장비·부품","249000","12500","5.29","23155778406000"
"069960","현대백화점","KOSPI","유통","45750","-1500","-3.17","1035268194750"
"004560","현대비앤지스틸","KOSPI","금속","11460","270","2.41","172803174060"
"004310","현대약품","KOSPI","제약","3615","30","0.84","115680000000"
"017800","현대엘리베이","KOSPI","기계·장비","51100","-1300","-2.48","1997620873500"
"307950","현대오토에버","KOSPI","IT 서비스","135000","8900","7.06","3702237570000"
"011210","현대위아","KOSPI","운송장비·부품","38500","700","1.85","1047010695500"
"004020","현대제철","KOSPI","금속","20850","-200","-0.95","2782344617250"
"005440","현대지에프홀딩스","KOSPI","기타금융","4880","-5","-0.10","760812988880"
"005380","현대차","KOSPI","운송장비·부품","211500","-500","-0.24","44291524396500"
"005387","현대차2우B","KOSPI","운송장비·부품","157800","1800","1.15","5642831899800"
"005389","현대차3우B","KOSPI","운송장비·부품","153700","900","0.59","365868094800"
"005385","현대차우","KOSPI","운송장비·부품","154200","1600","1.05","3681060549600"
"001500","현대차증권","KOSPI","증권","7350","-90","-1.21","233087330700"
"011760","현대코퍼레이션","KOSPI","유통","19270","160","0.84","254922174820"
"227840","현대코퍼레이션홀딩스","KOSPI","유통","10240","-60","-0.58","93192560640"
"126560","현대퓨처넷","KOSPI","통신","3780","-5","-0.13","416567132100"
"001450","현대해상","KOSPI","보험","25000","300","1.21","2235000000000"
"057050","현대홈쇼핑","KOSPI","유통","44800","-600","-1.32","537600000000"
"093240","형지엘리트","KOSPI","섬유·의류","2490","435","21.17","88280514780"
"003010","혜인","KOSPI","유통","4990","95","1.94","63436607530"
"111110","호전실업","KOSPI","섬유·의류","7770","-10","-0.13","75757375680"
"008770","호텔신라","KOSPI","유통","36650","-250","-0.68","1438443634650"
"008775","호텔신라우","KOSPI","유통","30100","150","0.50","22631557900"
"378850","화승알앤에이","KOSPI","운송장비·부품","3050","50","1.67","57930550150"
"241590","화승엔터프라이즈","KOSPI","기타제조","8660","10","0.12","524703130160"
"006060","화승인더","KOSPI","화학","4450","0","0.00","246174000000"
"013520","화승코퍼레이션","KOSPI","운송장비·부품","1539","28","1.85","77028876828"
"010690","화신","KOSPI","운송장비·부품","6910","80","1.17","241300033100"
"133820","화인베스틸","KOSPI","금속","919","3","0.33","28329202442"
"010660","화천기계","KOSPI","기계·장비","2660","60","2.31","58520000000"
"000850","화천기공","KOSPI","기계·장비","26800","350","1.32","58960000000"
"016580","환인제약","KOSPI","제약","11870","60","0.51","220782830900"
"032560","황금에스티","KOSPI","금속","4885","40","0.83","83045000000"
"004800","효성","KOSPI","기타금융","45950","-950","-2.03","769221701650"
"094280","효성ITX","KOSPI","일반서비스","12170","-40","-0.33","140663294000"
"298040","효성중공업","KOSPI","전기·전자","406500","13500","3.44","3790428762000"
"298020","효성티앤씨","KOSPI","화학","229000","-10000","-4.18","991039178000"
"298000","효성화학","KOSPI","화학","38550","-1050","-2.65","146174314050"
"093370","후성","KOSPI","화학","4845","-130","-2.61","519652073850"
"081660","휠라홀딩스","KOSPI","유통","39850","-450","-1.12","2394819184150"
"005870","휴니드","KOSPI","전기·전자","7850","140","1.82","110810717750"
"079980","휴비스","KOSPI","화학","2535","-45","-1.74","87457500000"
"005010","휴스틸","KOSPI","금속","3860","80","2.12","216885969500"
"000540","흥국화재","KOSPI","보험","3520","-150","-4.09","226134110400"
"000545","흥국화재우","KOSPI","보험","7200","-800","-10.00","5529600000"
"003280","흥아해운","KOSPI","운송·창고","1598","-10","-0.62","384198988602"